org,repo,filename
PipedreamHQ,pipedream,glama.json
CoderGamester,mcp-unity,glama.json
LucasOe,spicetify-genres,baglama.json
janisozaur,openrct2-objects,rct2ww.scenery_large.1x2glama.json
j6k4m8,Congress-Twitter-Followers,dramaglama.json
kamranayazheydarov,ILTHERMO-data,refindex_setid_glAmA.json
sarathsp06,sourcesage,glama.json
janisozaur,nsis-test,rct2ww.scenery_large.1x2glama.json
tienan92it,binance-mcp,glama.json
OpenRCT2,objects,rct2ww.scenery_large.1x2glama.json
roadwy,cve-search_mcp,glama.json
jdbcx,pydbcx-mcp,glama.json
Verodat,verodat-mcp-server,glama.json
hostinger,api-mcp-server,glama.json
AgentsWorkingTogether,mcp-sleep,glama.json
janisozaur,openrct2-mingw-winnt5.1,rct2.ww.1x2glama.json
ariunbolor,nsaf-mcp-server,glama.json
ayeletstudioindia,unreal-analyzer-mcp,glama.json
MCP-Mirror,jackedelic_tavily-mcp,glama.json
pinkpixel-dev,taskflow-mcp,glama.json
HundunOnline,mcp-agent-forge,glama.json
Talismanic,cleanuri-url-shortener-mcp,glama.json
MubarakHAlketbi,game-asset-mcp,glama.json
MCP-Mirror,jackedelic_exa-mcp-server,glama.json
isdaniel,mcp_weather_server,glama.json
instafluff,ComfyDictionary,glama.json
auth0,auth0-mcp-server,glama.json
yamanoku,baseline-mcp-server,glama.json
b12io,website-generator-mcp-server,glama.json
samihalawa,visual-ui-debug-agent-mcp,glama.json
tacticlaunch,mcp-linear,glama.json
yoda-digital,mcp-gitlab-server,glama.json
sendaifun,solana-mcp,glama.json
cool-man-vk,google-meet-mcp-server,glama.json
thirdstrandstudio,mcp-tool-chainer,glama.json
Haonter,MCP-Servers,glama.json
HundunOnline,mcp-dingdingbot-server,glama.json
ZZ349,yfzmcp,glama.json
thesimsguy,mcp-hydrolix,glama.json
StarRocks,mcp-server-starrocks,glama.json
siliconsociety,FortunaMCP,glama.json
cuongtl1992,mcp-dbs,glama.json
horizondatawave,hdw-mcp-server,glama.json
MCP-Mirror,graphlit_graphlit-mcp-server,glama.json
agentis-dev,Solana-Pairs-And-Liquidity-MCP,glama.json
Dataring-engineering,mcp-server-trino,glama.json
sunriseapps,imagesorcery-mcp,glama.json
sparesparrow,mcp-prompts,glama.json
boldsign,boldsign-mcp,glama.json
startreedata,mcp-pinot,glama.json
InditexTech,mcp-teams-server,glama.json
InditexTech,mcp-server-simulator-ios-idb,glama.json
newerton,mcp-investidor10,glama.json
Cyreslab-AI,wayback-mcp-server,glama.json
maton-ai,agent-toolkit,glama.json
f2c-ai,f2c-mcp,glama.json
Arclio,github-projects-mcp,glama.json
liaotaodcx8,toolkittest,glama.json
fulcradynamics,fulcra-context-mcp,glama.json
shinzo-labs,coinmarketcap-mcp,glama.json
centralmind,gateway,glama.json
r3e-network,neo-n3-mcp,glama.json
PV-Bhat,vibe-check-mcp-server,glama.json
browserstack,mcp-server,glama.json
visotrust,viso-mcp-server,glama.json
kwp-lab,mcp-brave-search,glama.json
leomrodrigues,ping-mcp,glama.json
polygon-io,mcp_polygon,glama.json
kunwarVivek,mcp-github-project-manager,glama.json
suhail-ak-s,mcp-typesense-server,glama.json
Vizioz,Teamwork-MCP,glama.json
nearai,near-mcp,glama.json
rupinwhitehatjr,dictionary,glama.json
semgrep,mcp,glama.json
DappierAI,dappier-mcp,glama.json
MladenSU,cli-mcp-server,glama.json
lupuletic,onyx-mcp-server,glama.json
CodeLogicIncEngineering,codelogic-mcp-server,glama.json
luno,luno-mcp,glama.json
neo4j-contrib,mcp-neo4j,glama.json
Pearl-com,pearl_mcp_server,glama.json
mangooer,mysql-mcp-server-sse,glama.json
Dsazz,mcp-jira,glama.json
settlemint,sdk,glama.json
graphlit,graphlit-mcp-server,glama.json
runreal,unreal-mcp,glama.json
nota,gyazo-mcp-server,glama.json
jshmllr,Sketch-Context-MCP,glama.json
heurist-network,heurist-mesh-mcp-server,glama.json
minio,mcp-server-aistor,glama.json
ZephyrDeng,mcp-server-gitlab,glama.json
Couchbase-Ecosystem,mcp-server-couchbase,glama.json
thirdstrandstudio,mcp-figma,glama.json
Joooook,12306-mcp,glama.json
www-zerotrusted-ai,zt-pii-agent,glama.json
panther-labs,mcp-panther,glama.json
tealight-uk,u301-mcp,glama.json
Azure,azure-mcp,glama.json
Trade-Agent,trade-agent-mcp,glama.json
CoinStatsHQ,coinstats-mcp,glama.json
